<?xml version="1.0" encoding="UTF-8"?>
<!DOCTYPE mapper
  PUBLIC "-//mybatis.org//DTD Mapper 3.0//EN"
         "http://mybatis.org/dtd/mybatis-3-mapper.dtd">

<mapper namespace="com.core.mapper.CoreMapper">
<resultMap id="ProposalResult" type="com.core.model.ProposalVO">
    <id     property="PRPSL_NO"         column="PRPSL_NO"/>
    <result property="ID"               column="ID"/>
    <result property="CATEGORY"         column="CATEGORY"/>
    <result property="TITLE"            column="TITLE"/>
    <result property="CONTENT"          column="CONTENT"/>
    <result property="EXPECTATION_EFFECT" column="EXPECTATION_EFFECT"/>
    <result property="PRPSL_DT"         column="PRPSL_DT"/>
    <result property="ST_CD"            column="ST_CD"/>
    <result property="PRCS_NM"          column="PRCS_NM"/>
    <result property="RESULT_CONTENT"   column="RESULT_CONTENT"/>
    <result property="AGREE_CNT"        column="AGREE_CNT"/>
    <result property="DISAG_CNT"        column="DISAG_CNT"/>
  </resultMap>
  <resultMap id="AiAnalysisResult" type="com.core.model.Ai_analysisVO">
    <id     property="ANALYSIS_NO"    column="ANALYSIS_NO"/>
    <result property="PRPSL_NO"       column="PRPSL_NO"/>
    <result property="ANALYSIS_MODEL" column="ANALYSIS_MODEL"/>
    <result property="ANALYSIS_RESULT" column="ANALYSIS_RESULT"/>
    <result property="SIMILARITY"     column="SIMILARITY"/>
    <result property="RECO_POLICY"    column="RECO_POLICY"/>
    <result property="ANALIZED_AT"    column="ANALIZED_AT"/>
  </resultMap>

  <!-- 회원가입 -->
   <insert id="join" parameterType="com.core.model.UserinfoVO">
      INSERT INTO Userinfo (id,pw,nick,region,id_card, is_approved, joined_at)
      VALUES (#{id},#{pw},#{nick},#{region},#{id_card},#{is_approved},#{joined_at})
   </insert>

   <!-- 로그인 -->
   <select id="login" parameterType="com.core.model.UserinfoVO" resultType="com.core.model.UserinfoVO">
      SELECT * FROM Userinfo WHERE id = #{id} AND pw = #{pw}
   </select>

    <!-- 회원탈퇴 -->
    <delete id="delete" parameterType="string">
       DELETE FROM Userinfo WHERE ID = #{value, jdbcType=VARCHAR}
   </delete>

    <!-- 회원정보 수정 -->
    <update id="update" parameterType="com.core.model.UserinfoVO">
       UPDATE Userinfo
       SET user_pw = #{PW}, user_name = #{NICK}
       WHERE user_id = #{ID}
   </update>

  <!-- 1) 제안 저장 -->
  <insert id="insertProposal"
          parameterType="com.core.model.ProposalVO"
          useGeneratedKeys="true"
          keyProperty="PRPSL_NO">
    INSERT INTO PROPOSAL
      (ID, CATEGORY, TITLE, CONTENT, EXPECTATION_EFFECT, PRPSL_DT,
       ST_CD, PRCS_NM, RESULT_CONTENT, AGREE_CNT, DISAG_CNT)
    VALUES
      (#{ID}, #{CATEGORY}, #{TITLE}, #{CONTENT}, #{EXPECTATION_EFFECT},
       NOW(), #{ST_CD}, #{PRCS_NM}, #{RESULT_CONTENT},
       #{AGREE_CNT}, #{DISAG_CNT})
  </insert>

  <!-- 2) 전체 제안 목록 조회 -->
  <select id="selectAllProposals" resultMap="ProposalResult">
    SELECT
      PRPSL_NO,
      ID,
      CATEGORY,
      TITLE,
      CONTENT,
      EXPECTATION_EFFECT,
      PRPSL_DT,
      ST_CD,
      PRCS_NM,
      RESULT_CONTENT,
      AGREE_CNT,
      DISAG_CNT
    FROM PROPOSAL
    ORDER BY PRPSL_DT DESC
  </select>

  <!-- 3) 단일 제안 조회 -->
  <select id="selectProposalById"
          parameterType="int"
          resultMap="ProposalResult">
    SELECT
      PRPSL_NO,
      ID,
      CATEGORY,
      TITLE,
      CONTENT,
      EXPECTATION_EFFECT,
      PRPSL_DT,
      ST_CD,
      PRCS_NM,
      RESULT_CONTENT,
      AGREE_CNT,
      DISAG_CNT
    FROM PROPOSAL
    WHERE PRPSL_NO = #{id}
  </select>

<!-- 유사도 분석 결과 목록 조회 -->
    <select id="similarSearch"
          parameterType="string"
          resultMap="AiAnalysisResult">
    SELECT
      ANALYSIS_NO,
      PRPSL_NO,
      ANALYSIS_MODEL,
      ANALYSIS_RESULT,
      SIMILARITY,
      RECO_POLICY,
      ANALIZED_AT
    FROM AI_ANALYSIS
    WHERE ANALYSIS_RESULT LIKE '%' || #{idea} || '%'
    ORDER BY SIMILARITY DESC
  </select>
  
  <!-- 카테고리별 정책 제안 목록 조회 -->
  <select id="selectByCategory" 
        parameterType="string" 
        resultMap="ProposalResult">
  	SELECT
    	PRPSL_NO,
    	ID,
    	CATEGORY,
    	TITLE,
    	CONTENT,
    	EXPECTATION_EFFECT,
    	PRPSL_DT,
    	ST_CD,
    	PRCS_NM,
    	RESULT_CONTENT,
    	AGREE_CNT,
    	DISAG_CNT
  	FROM PROPOSAL
  	WHERE CATEGORY = #{category}
  	ORDER BY PRPSL_DT DESC
	</select>

</mapper>
